Input Signal: tvg1_800msps_50mhz_92dBsnr,,,
,,,
FFT Length = 1024,,,
Average Power,Average Power (dB),SFDR (dB),SNR (dB)
0.202500024726215,-6.9357491941989,112.474038853125,92.3883671885217
,,,
FFT Length = 16384,,,
Average Power,Average Power (dB),SFDR (dB),SNR (dB)
0.202499916015367,-6.93575152568177,121.214131720077,92.430972021311
,,,
FFT Length = 65536,,,
Average Power,Average Power (dB),SFDR (dB),SNR (dB)
0.20250000945491,-6.93574952171706,126.271350151806,92.3996901302857
