Input Signal: tvg0_800msps_50mhz_-10dBsnr,,,
,,,
FFT Length = 1024,,,
Average Power,Average Power (dB),SFDR (dB),SNR (dB)
0.008863626287546,-20.5238856316144,9.03763418197787,-10.1554051845765
,,,
FFT Length = 16384,,,
Average Power,Average Power (dB),SFDR (dB),SNR (dB)
0.008571883016023,-20.6692376458336,18.1672440430092,-10.2266632152653
,,,
FFT Length = 65536,,,
Average Power,Average Power (dB),SFDR (dB),SNR (dB)
0.008634499072426,-20.6376285281471,24.8429842442451,-10.2448215379871
