,,Shift,SAP,SAP (dB),MSE,SFDR (dB),SNR (dB)
,ASTRON,improved,0.017162,-17.654,3.8074E-13,18.163,-10.231
,ASTRON,alt,0.017168,-17.653,4.443E-13,18.164,-10.231
,ASTRON,all,0.018746,-17.271,2.9463E-09,18.058,-10.62
,CASPER,improved,0.017234,-17.636,4.6617E-12,18.154,-10.242
,CASPER,all,0.017961,-17.457,7.9862E-10,18.092,-10.428
