,Average Power,Average Power (dB),SFDR (dB),SNR (dB)
,0.017727,-17.514,9.0376,-10.155
,0.017144,-17.659,18.167,-10.227
,0.017269,-17.627,24.843,-10.245
