,Average Power,Average Power (dB),SFDR (dB),SNR (dB)
,0.40500,-3.9254,112.47,92.388
,0.40500,-3.9255,121.21,92.431
,0.40500,-3.9254,126.27,92.400
