,,Shift,SAP,SAP (dB),MSE,SFDR (dB),SNR (dB)
,ASTRON 16-bit,all,0.40513,-3.9241,3.8699E-15,71.333,47.989
,ASTRON 18-bit,all,0.40515,-3.9239,6.3960E-13,76.384,36.887
,CASPER,all,0.40514,-3.924,5.0574E-13,80.364,37.397
,Xilinx,all,0.40507,-3.9247,1.2211E-12,73.373,35.483
